Afiliações Consideradas,Nome Fantasia,Status,Natureza Jurídica,Segmento,Canal,Subcanal,Grupo 1,Grupo 2,Grupo 3,Grupo 4,Credenciado por,Força de Vendas,Carteira de Atendimento,Data de Credenciamento,Data de Ativação,Qtd. de POSs,Data da Última Transação,TPV Precificado,TPV M-3,TPV M-2,TPV M-1,TPV M-0,Receita Total M-1,Imposto Total M-1,Custo Total M-1,Lucro Bruto M-1,Receita Net MDR M-0,Receita RAV M-0,Receita Mensalidade M-0,Receita Cartão M-0,Receita Pix M-0,Receita Boleto M-0,Receita TED M-0,Receita Floating M-0,Receita Banking Outros M-0,Receita Seguro de Vida M-0,Receita Seguro de Loja M-0,Receita Seguro Vitalício M-0,Receita Total M-0,Imposto Net MDR M-0,Imposto RAV M-0,Imposto Mensalidade M-0,Imposto Cartão M-0,Imposto Pix M-0,Imposto Boleto M-0,Imposto TED M-0,Imposto Floating M-0,Imposto Banking Outros M-0,Imposto Seguro de Vida M-0,Imposto Seguro de Loja M-0,Imposto Seguro Vitalício M-0,Imposto Total M-0,Custo por Transação M-0,Custo por TPV M-0,Custo Antecipação M-0,Custo Cartão M-0,Custo Pix M-0,Custo Boleto M-0,Custo TED M-0,Custo Floating M-0,Custo Banking Outros M-0,Custo Seguro de Vida M-0,Custo Seguro de Loja M-0,Custo Seguro Vitalício M-0,Custo por Cliente M-0,Custo por POS M-0,Custo Total M-0,Lucro Bruto M-0
779941352/191226866,Acai Veia Loka,Credenciado,MEI,Supermercado/Farmácia,POLOS,POLO PROPRIO,SUL,DISTRITO GAUCHO,POLO CANOAS,Nova Santa Rita,diuliano.otero@stone.com.br,POLO PROPRIO,ATENDIMENTO AGENTE,19/12/24,19/12/24,1,27/04/25,30000.0,5931.0,1657.0,1231.0,0.0,98.29,,,10.71,0.0,0.0,0.0,0.0,0.0,0.0,0.0,0.01,0.0,0.0,0.0,0.0,0.01,0.0,0.0,0.0,0.0,0.0,0.0,0.0,0.0,0.0,0.0,0.0,0.0,0.0,0.0,0.0,0.0,0.0,,0.0,0.0,0.0,0.0,0.0,0.0,0.0,0.0,,,
197913578/132813882,Padaria Igara,Credenciado,PJ,Supermercado/Farmácia,POLOS,POLO PROPRIO,SUL,DISTRITO GAUCHO,POLO CANOAS,Park Shopping,isabel.lara@stone.com.br,POLO PROPRIO,ATENDIMENTO AGENTE,16/02/23,16/02/23,1,04/04/25,30000.0,8653.79,17294.87,3972.81,0.0,242.67,,,54.82,0.0,0.0,0.0,0.0,0.0,0.0,0.0,0.0,0.0,0.0,121.86,0.0,121.86,0.0,0.0,0.0,0.0,0.0,0.0,0.0,0.0,0.0,0.0,,0.0,,0.0,0.0,0.0,0.0,0.0,0.0,0.0,0.0,0.0,0.0,,0.0,0.0,,,24.28
210689403/742662427,TABACARIA MIXER,Cancelado,PJ,Varejo,POLOS,POLO PROPRIO,SUL,DISTRITO GAUCHO,POLO CANOAS,Park Shopping,igor.ramos@stone.com.br,INBOUND,ATENDIMENTO AGENTE,04/10/21,04/10/21,0,07/04/25,40000.0,25075.6,31853.0,7256.0,0.0,269.86,,,153.2,0.0,0.0,0.0,0.0,0.0,0.0,0.0,43.12,0.0,0.0,0.0,0.0,43.12,0.0,0.0,0.0,0.0,0.0,0.0,0.0,,0.0,0.0,0.0,0.0,,0.0,0.0,0.0,0.0,0.0,0.0,0.0,0.0,0.0,0.0,0.0,0.0,0.0,0.0,0.0,41.11
607976131/170544721,SOUZA SILVA,Credenciado,MEI,Alimentação,POLOS,POLO PROPRIO,SUL,DISTRITO GAUCHO,POLO CANOAS,Igara,paulo.pinheiro@stone.com.br,INBOUND,ATENDIMENTO AGENTE,27/11/20,01/12/20,1,03/04/25,20000.0,7750.9,3565.47,1113.82,0.0,158.55,,,49.16,0.0,0.0,0.0,0.0,0.0,0.0,0.0,0.0,0.0,0.0,0.0,0.0,0.0,0.0,0.0,0.0,0.0,0.0,0.0,0.0,0.0,0.0,0.0,0.0,0.0,0.0,0.0,0.0,0.0,0.0,0.0,0.0,0.0,0.0,0.0,0.0,0.0,0.0,0.0,,,
187531449/142938565/211352857,BabaluGas,Credenciado,PJ,Posto,POLOS,POLO PROPRIO,SUL,DISTRITO GAUCHO,POLO CANOAS,Marechal Rondon,diego.rteixeira@stone.com.br,INBOUND,ATENDIMENTO AGENTE,17/04/25,23/04/25,3,24/04/25,50000.0,0.0,0.0,782.0,0.0,6.93,,,,0.0,0.0,0.0,0.0,0.0,0.0,0.0,0.0,0.0,0.0,0.0,0.0,0.0,0.0,0.0,0.0,0.0,0.0,0.0,0.0,0.0,0.0,0.0,0.0,0.0,0.0,0.0,0.0,0.0,0.0,0.0,0.0,0.0,0.0,0.0,0.0,0.0,0.0,0.0,,,
170827133/126540085/109114173,Ramboo,Cancelado,PJ,Serviços,POLOS,POLO PROPRIO,SUL,DISTRITO GAUCHO,POLO CANOAS,Park Shopping,luana.moncores@stone.com.br,POLO PROPRIO,ATENDIMENTO AGENTE,02/05/24,11/07/24,0,11/04/25,26000.0,14541.02,15292.3,5990.71,0.0,227.68,,,85.9,0.0,0.0,0.0,0.0,0.0,0.0,0.0,0.0,0.0,0.0,0.0,0.0,0.0,0.0,0.0,0.0,0.0,0.0,0.0,0.0,0.0,0.0,0.0,0.0,0.0,0.0,0.0,0.0,0.0,0.0,0.0,0.0,0.0,0.0,0.0,0.0,0.0,0.0,0.0,0.0,0.0,0.0
975444101/195236498,Elite do Oleo,Cancelado,PF,Serviços,POLOS,POLO PROPRIO,SUL,DISTRITO GAUCHO,POLO CANOAS,Igara,yago.barbosa@stone.com.br,POLO PROPRIO,ATENDIMENTO AGENTE,12/02/25,14/02/25,0,03/04/25,50000.0,27724.56,53372.99,1112.69,0.0,337.61,,,238.3,0.0,0.0,0.0,0.0,0.0,0.0,0.0,0.0,0.0,0.0,0.0,0.0,0.0,0.0,0.0,0.0,0.0,0.0,0.0,0.0,0.0,0.0,0.0,0.0,0.0,0.0,0.0,0.0,0.0,0.0,0.0,0.0,0.0,0.0,0.0,0.0,0.0,0.0,0.0,0.0,0.0,0.0
777582857/174352100,TOTALTECH IGUATEMI POA,Credenciado,PJ,Bens duráveis,POLOS,POLO PROPRIO,SUL,DISTRITO GAUCHO,POLO CANOAS,Centro,marcelo.bernardes@stone.com.br,ESPECIALISTA,ATENDIMENTO ESPECIALISTA,22/04/25,29/04/25,3,29/04/25,70000.0,0.0,0.0,470.0,0.0,10.87,,,,0.0,0.0,0.0,0.0,0.0,0.0,0.0,2.15,0.0,0.0,0.0,0.0,2.15,0.0,0.0,0.0,0.0,0.0,0.0,0.0,,0.0,0.0,0.0,0.0,,0.0,0.0,0.0,0.0,0.0,0.0,0.0,0.0,0.0,0.0,0.0,0.0,0.0,,,
471269707,MASTER CAR CENTRO AUTOMOTIVO,Credenciado,PF,Serviços,POLOS,POLO PROPRIO,SUL,DISTRITO GAUCHO,POLO CANOAS,Igara,diuliano.otero@stone.com.br,POLO PROPRIO,ATENDIMENTO AGENTE,04/12/24,04/12/24,0,07/04/25,30000.0,8516.0,30425.0,10967.5,0.0,905.98,,,467.56,0.0,0.0,0.0,0.0,0.0,0.0,0.0,0.0,0.0,0.0,0.0,0.0,0.0,0.0,0.0,0.0,0.0,0.0,0.0,0.0,0.0,0.0,0.0,0.0,0.0,0.0,0.0,0.0,0.0,0.0,0.0,0.0,0.0,0.0,0.0,0.0,0.0,0.0,0.0,0.0,0.0,0.0
148904626,Batista Veiculos,Credenciado,PJ,Bens duráveis,POLOS,POLO PROPRIO,SUL,DISTRITO GAUCHO,POLO CANOAS,Nova Santa Rita,vinicius.andrade@stone.com.br,POLO PROPRIO,ATENDIMENTO AGENTE,17/07/20,20/07/20,1,28/04/25,33000.0,37436.52,0.0,8086.11,0.0,1234.66,,,681.87,0.0,0.0,0.0,0.0,0.0,0.0,0.0,0.0,0.0,0.0,0.0,0.0,0.0,0.0,0.0,0.0,0.0,0.0,0.0,0.0,0.0,0.0,0.0,0.0,0.0,0.0,0.0,0.0,0.0,0.0,0.0,0.0,0.0,0.0,0.0,0.0,0.0,0.0,0.0,,,
122619680/967539527,Profort,Credenciado,PJ,Supermercado/Farmácia,POLOS,POLO PROPRIO,SUL,DISTRITO GAUCHO,POLO CANOAS,Ritter,daniela.oppelt@stone.com.br,POLO PROPRIO,ATENDIMENTO AGENTE,24/03/20,30/03/20,0,07/04/25,15000.0,9367.9,12296.3,2232.8,0.0,74.43,,,,0.0,0.0,0.0,0.0,0.0,0.0,0.0,0.0,0.0,0.0,0.0,0.0,0.0,0.0,0.0,0.0,0.0,0.0,0.0,0.0,0.0,0.0,0.0,0.0,0.0,0.0,0.0,0.0,0.0,0.0,0.0,0.0,0.0,0.0,0.0,0.0,0.0,0.0,0.0,0.0,0.0,0.0
116820615/748510834,Santabike,Credenciado,PF,Serviços,POLOS,POLO PROPRIO,SUL,DISTRITO GAUCHO,POLO CANOAS,Nova Santa Rita,patrick.goncalves@stone.com.br,POLO PROPRIO,ATENDIMENTO AGENTE,13/10/21,15/10/21,0,17/04/25,10000.0,21195.41,16017.52,10709.67,0.0,461.27,,,218.79,0.0,0.0,0.0,0.0,0.0,0.0,0.0,0.0,0.0,0.0,0.0,0.0,0.0,0.0,0.0,0.0,0.0,0.0,0.0,0.0,0.0,0.0,0.0,0.0,0.0,0.0,0.0,0.0,0.0,0.0,0.0,0.0,0.0,0.0,0.0,0.0,0.0,0.0,0.0,0.0,0.0,0.0
249400296/994067703,Supermercado Rossi,Credenciado,PF,Varejo,POLOS,POLO PROPRIO,SUL,DISTRITO GAUCHO,POLO CANOAS,Ritter,isabelita.bem@stone.com.br,POLO PROPRIO,ATENDIMENTO AGENTE,06/09/22,06/09/22,0,16/04/25,200000.0,0.0,0.0,5.0,0.0,238.21,,,151.14,0.0,0.0,0.0,0.0,0.0,0.92,0.0,0.07,0.0,0.0,0.0,0.0,0.98,0.0,0.0,0.0,0.0,0.0,,0.0,0.0,0.0,0.0,0.0,0.0,,0.0,0.0,0.0,0.0,,,0.0,0.0,0.0,0.0,0.0,0.0,0.0,0.0,,
605290536,Flora Aganju prod,Credenciado,PJ,Varejo,POLOS,POLO PROPRIO,SUL,DISTRITO GAUCHO,POLO CANOAS,Ritter,yago.barbosa@stone.com.br,POLO PROPRIO,ATENDIMENTO AGENTE,27/11/24,28/11/24,1,22/04/25,30000.0,1864.36,2410.71,752.2,0.0,312.94,,,192.22,0.0,0.0,0.0,33.23,0.0,0.0,0.0,51.29,26.0,0.0,0.0,0.0,110.52,0.0,0.0,0.0,,0.0,0.0,0.0,,,0.0,0.0,0.0,,0.0,0.0,0.0,,,0.0,,0.0,,0.0,0.0,0.0,0.0,,,71.64
110275343/542159202/755083217,FRUTEIRA DA JU,Cancelado,PJ,Supermercado/Farmácia,POLOS,POLO PROPRIO,SUL,DISTRITO GAUCHO,POLO CANOAS,Ritter,rafael.fagundes@stone.com.br,POLO PROPRIO,ATENDIMENTO AGENTE,03/09/24,03/09/24,0,25/04/25,35000.0,33795.72,34676.91,30763.77,0.0,130.65,,,4.95,0.0,0.0,0.0,0.0,0.0,3.73,0.0,27.76,0.0,0.0,0.0,0.0,31.49,0.0,0.0,0.0,0.0,0.0,,0.0,,0.0,0.0,0.0,0.0,,0.0,0.0,0.0,0.0,,,,0.0,0.0,0.0,0.0,0.0,0.0,0.0,,17.17
154412375/656157606,Concordia Mercado e Padaria,Credenciado,PF,Alimentação,POLOS,POLO PROPRIO,SUL,DISTRITO GAUCHO,POLO CANOAS,Igara,yago.barbosa@stone.com.br,POLO PROPRIO,ATENDIMENTO AGENTE,03/02/25,05/02/25,0,24/04/25,30000.0,22769.52,33857.05,22949.14,0.0,268.62,,,68.26,0.0,0.0,0.0,0.0,0.0,0.0,0.0,0.0,0.0,0.0,0.0,0.0,0.0,0.0,0.0,0.0,0.0,0.0,0.0,0.0,0.0,0.0,0.0,0.0,0.0,0.0,0.0,0.0,0.0,0.0,0.0,0.0,0.0,0.0,0.0,0.0,0.0,0.0,0.0,0.0,0.0,0.0
195866424/173904722,GEDALLAB LABORATORIO DE MICROBIOLOGIA CLINICA LTDA,Credenciado,PJ,Serviços,POLOS,POLO PROPRIO,SUL,DISTRITO GAUCHO,POLO CANOAS,Marechal Rondon,roxanne.barbosa@stone.com.br,POLO PROPRIO,ATENDIMENTO AGENTE,21/11/24,22/11/24,0,08/04/25,30000.0,8476.54,0.0,1483.0,0.0,40.63,,,,0.0,23.62,0.0,0.0,0.0,0.0,0.0,0.27,0.0,0.0,0.0,0.0,23.89,0.0,,0.0,0.0,0.0,0.0,0.0,,0.0,0.0,0.0,0.0,,0.0,0.0,,0.0,,0.0,0.0,0.0,,0.0,0.0,0.0,0.0,0.0,,8.39
206743716/488600118/723343913/374941565,CENTRAL SURDINAS,Credenciado,PJ,Bens duráveis,POLOS,POLO PROPRIO,SUL,DISTRITO GAUCHO,POLO CANOAS,Park Shopping,jerson.junior@stone.com.br,POLO PROPRIO,ATENDIMENTO AGENTE,05/09/24,06/09/24,1,19/04/25,30000.0,210.0,2159.0,2341.0,0.0,183.41,,,43.74,0.0,0.0,0.0,0.0,0.0,0.0,0.0,0.22,0.0,0.0,0.0,0.0,0.22,0.0,0.0,0.0,0.0,0.0,0.0,0.0,,0.0,0.0,0.0,0.0,,0.0,0.0,0.0,0.0,,0.0,0.0,0.0,,0.0,0.0,0.0,0.0,,,
179575836/649651057,Trevo ,Credenciado,PJ,Bens duráveis,POLOS,POLO PROPRIO,SUL,DISTRITO GAUCHO,POLO CANOAS,Park Shopping,sarah.gamarra@stone.com.br,ESPECIALISTA,ATENDIMENTO ESPECIALISTA,29/07/22,01/08/22,4,22/04/25,200000.0,57435.35,0.0,434.83,0.0,373.33,,,215.03,0.0,0.0,0.0,0.0,0.0,0.0,0.0,4.6,0.0,0.0,0.0,0.0,4.6,0.0,0.0,0.0,0.0,0.0,0.0,0.0,,0.0,0.0,0.0,0.0,,0.0,0.0,0.0,0.0,,0.0,0.0,0.0,,0.0,0.0,0.0,0.0,,,
367222872/148009861,GREFF CAR SERVICO AUTO,Credenciado,PJ,Serviços,POLOS,POLO PROPRIO,SUL,DISTRITO GAUCHO,POLO CANOAS,Park Shopping,jerson.junior@stone.com.br,POLO PROPRIO,ATENDIMENTO AGENTE,15/05/23,16/05/23,1,23/04/25,15000.0,4271.02,567.0,5914.38,0.0,700.94,,,205.4,0.0,0.0,0.0,7.47,0.0,0.92,0.0,5.34,0.0,0.0,0.0,0.0,13.73,0.0,0.0,0.0,,0.0,,0.0,,0.0,0.0,0.0,0.0,,0.0,0.0,0.0,,,,0.0,0.0,0.0,0.0,0.0,0.0,0.0,,,
160349814,Rottacar,Credenciado,MEI,Serviços,POLOS,POLO PROPRIO,SUL,DISTRITO GAUCHO,POLO CANOAS,Fatima,mauricio.oliveira@stone.com.br,POLO PROPRIO,ATENDIMENTO AGENTE,06/03/20,12/03/20,1,25/04/25,10000.0,21255.84,18630.16,21193.53,0.0,2350.38,,,1328.01,0.0,0.0,0.0,0.0,0.0,0.0,0.0,0.0,0.0,0.0,0.0,0.0,0.0,0.0,0.0,0.0,0.0,0.0,0.0,0.0,0.0,0.0,0.0,0.0,0.0,0.0,0.0,0.0,0.0,0.0,0.0,0.0,0.0,0.0,0.0,0.0,0.0,0.0,0.0,,,
302623185/105753801,DONNA ESTETICA,Cancelado,PJ,Serviços,POLOS,POLO PROPRIO,SUL,DISTRITO GAUCHO,POLO CANOAS,Centro,celice.guimaraes@stone.com.br,INBOUND,ATENDIMENTO AGENTE,05/09/23,14/09/23,0,12/04/25,20000.0,22508.01,29038.1,7550.5,0.0,250.34,,,116.17,0.0,0.0,0.0,0.0,0.0,0.0,0.0,0.0,0.0,0.0,0.0,0.0,0.0,0.0,0.0,0.0,0.0,0.0,0.0,0.0,0.0,0.0,0.0,0.0,0.0,0.0,0.0,0.0,0.0,0.0,0.0,0.0,0.0,0.0,0.0,0.0,0.0,0.0,0.0,0.0,0.0,0.0
136816132/188763003,Delivery,Credenciado,PJ,Alimentação,POLOS,POLO PROPRIO,SUL,DISTRITO GAUCHO,POLO CANOAS,harmonia,nicole.rodrigues@stone.com.br,INBOUND,ATENDIMENTO AGENTE,01/04/25,04/04/25,2,04/04/25,30000.0,0.0,0.0,23.0,0.0,6.2,,,,0.0,0.0,0.0,0.0,0.0,0.0,0.0,0.27,0.0,0.0,0.0,0.0,0.27,0.0,0.0,0.0,0.0,0.0,0.0,0.0,,0.0,0.0,0.0,0.0,,0.0,0.0,0.0,,,0.0,0.0,0.0,0.0,0.0,0.0,0.0,0.0,,,
196213985/677114370,Bebidas do Bosque,Credenciado,PJ,Viagens e entretenimento,POLOS,POLO PROPRIO,SUL,DISTRITO GAUCHO,POLO CANOAS,Ritter,carlos.dorneles@stone.com.br,POLO PROPRIO,ATENDIMENTO AGENTE,13/11/24,14/11/24,2,28/04/25,30000.0,27674.15,2111.5,271.5,0.0,164.54,,,59.38,0.0,0.0,0.0,0.0,0.0,0.0,0.0,0.01,0.0,0.0,0.0,0.0,0.01,0.0,0.0,0.0,0.0,0.0,0.0,0.0,0.0,0.0,0.0,0.0,0.0,0.0,0.0,0.0,0.0,0.0,,0.0,0.0,0.0,0.0,0.0,0.0,0.0,0.0,,,
128569715,Filhos de Patas II,Credenciado,PF,Varejo,POLOS,POLO PROPRIO,SUL,DISTRITO GAUCHO,POLO CANOAS,Ritter,carlos.dorneles@stone.com.br,POLO PROPRIO,ATENDIMENTO AGENTE,18/10/24,21/10/24,0,14/04/25,15000.0,6602.75,27982.7,11090.72,0.0,467.08,,,191.58,0.0,0.0,0.0,0.0,0.0,0.0,0.0,0.0,0.0,0.0,0.0,0.0,0.0,0.0,0.0,0.0,0.0,0.0,0.0,0.0,0.0,0.0,0.0,0.0,0.0,0.0,0.0,0.0,0.0,0.0,0.0,0.0,0.0,0.0,0.0,0.0,0.0,0.0,0.0,0.0,0.0,0.0
184890269/195255020,VITTA CLIN,Credenciado,PJ,Serviços,POLOS,POLO PROPRIO,SUL,DISTRITO GAUCHO,POLO CANOAS,Centro,tiago.goncalves@stone.com.br,POLO PROPRIO,ATENDIMENTO AGENTE,26/04/23,28/04/23,2,25/04/25,66000.0,59270.0,60936.14,56065.0,0.0,1751.28,,,1196.24,0.0,454.51,0.0,0.0,0.0,8.04,0.0,338.35,0.0,0.0,0.0,0.0,800.9,0.0,,0.0,0.0,0.0,,0.0,,0.0,0.0,0.0,0.0,,0.0,0.0,,0.0,,,0.0,0.0,0.0,0.0,0.0,0.0,0.0,,,495.21
995521090/913806271,GRAN FIESTA,Credenciado,PJ,Viagens e entretenimento,POLOS,POLO PROPRIO,SUL,DISTRITO GAUCHO,POLO CANOAS,Park Shopping,rafael.fagundes@stone.com.br,POLO PROPRIO,ATENDIMENTO AGENTE,03/10/24,13/11/24,1,17/04/25,15000.0,0.0,5000.0,5918.41,0.0,428.63,,,131.69,0.0,0.0,0.0,0.0,0.0,0.0,0.0,0.0,0.0,0.0,0.0,0.0,0.0,0.0,0.0,0.0,0.0,0.0,0.0,0.0,0.0,0.0,0.0,0.0,0.0,0.0,0.0,0.0,0.0,0.0,0.0,0.0,0.0,0.0,0.0,0.0,0.0,0.0,0.0,,,
341326339,QUIOSQUE DO PAULO,Credenciado,PJ,Supermercado/Farmácia,POLOS,POLO PROPRIO,SUL,DISTRITO GAUCHO,POLO CANOAS,Nova Santa Rita,luiz.vasconcelos@stone.com.br,INBOUND,ATENDIMENTO AGENTE,22/07/19,23/07/19,0,02/04/25,12000.0,7268.25,5819.96,166.7,0.0,160.35,,,41.97,0.0,0.0,0.0,0.0,0.0,0.0,0.0,0.0,0.0,0.0,0.0,0.0,0.0,0.0,0.0,0.0,0.0,0.0,0.0,0.0,0.0,0.0,0.0,0.0,0.0,0.0,0.0,0.0,0.0,0.0,0.0,0.0,0.0,0.0,0.0,0.0,0.0,0.0,0.0,0.0,0.0,0.0
210153420/527016292/348146076,SERPRI SALGADOS,Cancelado,MEI,Varejo,POLOS,POLO PROPRIO,SUL,DISTRITO GAUCHO,POLO CANOAS,Igara,alessandra.dias@stone.com.br,INBOUND,ATENDIMENTO AGENTE,26/09/22,27/09/22,0,28/04/25,15000.0,14935.79,17311.24,13974.05,0.0,1229.88,,,700.39,0.0,0.0,0.0,0.0,0.0,0.0,0.0,0.0,0.0,0.0,0.0,0.0,0.0,0.0,0.0,0.0,0.0,0.0,0.0,0.0,0.0,0.0,0.0,0.0,0.0,0.0,0.0,0.0,0.0,0.0,,0.0,0.0,0.0,0.0,0.0,0.0,0.0,0.0,0.0,,
155656966/192239743,Max Canoas,Credenciado,PJ,Alimentação,POLOS,POLO PROPRIO,SUL,DISTRITO GAUCHO,POLO CANOAS,Centro,tiago.goncalves@stone.com.br,POLO PROPRIO,ATENDIMENTO AGENTE,12/07/22,14/07/22,0,09/04/25,10000.0,3767.76,0.0,1161.0,0.0,135.45,,,48.89,0.0,0.0,0.0,0.0,0.0,0.0,0.0,0.0,0.0,0.0,0.0,0.0,0.0,0.0,0.0,0.0,0.0,0.0,0.0,0.0,0.0,0.0,0.0,0.0,0.0,0.0,0.0,0.0,0.0,0.0,0.0,0.0,0.0,0.0,0.0,0.0,0.0,0.0,0.0,0.0,0.0,0.0
141281423/850667442,Beer House Bebidas,Credenciado,PJ,Alimentação,POLOS,POLO PROPRIO,SUL,DISTRITO GAUCHO,POLO CANOAS,harmonia,isabel.lara@stone.com.br,POLO PROPRIO,ATENDIMENTO AGENTE,15/04/25,15/04/25,0,20/04/25,10000.0,0.0,0.0,270.92,0.0,3.04,,,,0.0,0.0,0.0,0.0,0.0,0.0,0.0,0.0,0.0,0.0,0.0,0.0,0.0,0.0,0.0,0.0,0.0,0.0,0.0,0.0,0.0,0.0,0.0,0.0,0.0,0.0,0.0,0.0,0.0,0.0,0.0,0.0,0.0,0.0,0.0,0.0,0.0,0.0,0.0,0.0,0.0,0.0
128890849,NA BRASA TELE CHURRASCO,Cancelado,MEI,Alimentação,POLOS,POLO PROPRIO,SUL,DISTRITO GAUCHO,POLO CANOAS,Park Shopping,valeska.oliveira@stone.com.br,POLO PROPRIO,ATENDIMENTO AGENTE,03/10/24,10/10/24,0,05/04/25,15000.0,2373.52,1403.02,119.0,0.0,160.77,,,86.76,0.0,0.0,0.0,0.0,0.0,0.0,0.0,0.0,0.0,0.0,0.0,0.0,0.0,0.0,0.0,0.0,0.0,0.0,0.0,0.0,0.0,0.0,0.0,0.0,0.0,0.0,0.0,0.0,0.0,0.0,0.0,0.0,0.0,0.0,0.0,0.0,0.0,0.0,0.0,0.0,0.0,0.0
964633737/642264151,NSV AUTO CENTER,Credenciado,PJ,Bens duráveis,POLOS,POLO PROPRIO,SUL,DISTRITO GAUCHO,POLO CANOAS,Marechal Rondon,isabel.lara@stone.com.br,POLO PROPRIO,ATENDIMENTO AGENTE,22/04/24,22/04/24,2,21/04/25,50000.0,53253.41,41979.65,13654.16,0.0,1088.41,,,462.22,0.0,0.0,0.0,0.0,0.0,0.0,0.0,8.11,0.0,0.0,0.0,0.0,8.11,0.0,0.0,0.0,0.0,0.0,0.0,0.0,,0.0,0.0,0.0,0.0,,0.0,0.0,0.0,0.0,,0.0,0.0,0.0,0.0,0.0,0.0,0.0,0.0,,,
175709756/198230428,Espetinho da Rotula ,Credenciado,PJ,Alimentação,POLOS,POLO PROPRIO,SUL,DISTRITO GAUCHO,POLO CANOAS,Park Shopping,rafael.fagundes@stone.com.br,POLO PROPRIO,ATENDIMENTO AGENTE,08/10/24,23/10/24,1,22/04/25,30000.0,0.0,0.0,2264.5,0.0,105.43,,,16.17,0.0,0.0,0.0,0.0,0.0,0.0,0.0,0.0,0.0,0.0,0.0,0.0,0.0,0.0,0.0,0.0,0.0,0.0,0.0,0.0,0.0,0.0,0.0,0.0,0.0,0.0,0.0,0.0,0.0,0.0,0.0,0.0,0.0,0.0,0.0,0.0,0.0,0.0,0.0,,,
201235101/257870414,ARENA BOLEIROS,Credenciado,PJ,Viagens e entretenimento,POLOS,POLO PROPRIO,SUL,DISTRITO GAUCHO,POLO CANOAS,Igara,jerson.junior@stone.com.br,POLO PROPRIO,ATENDIMENTO AGENTE,06/08/24,07/08/24,1,27/04/25,30000.0,7065.0,0.0,7524.0,0.0,212.67,,,90.73,0.0,0.0,0.0,0.0,0.0,0.0,0.0,0.0,0.0,0.0,0.0,0.0,0.0,0.0,0.0,0.0,0.0,0.0,0.0,0.0,0.0,0.0,0.0,0.0,0.0,0.0,0.0,0.0,0.0,,,0.0,0.0,0.0,0.0,0.0,0.0,0.0,0.0,,,
182526483/251331733,AgroMeyer,Cancelado,PJ,Supermercado/Farmácia,POLOS,POLO PROPRIO,SUL,DISTRITO GAUCHO,POLO CANOAS,Nova Santa Rita,rogerio.schirmer@stone.com.br,POLO PROPRIO,ATENDIMENTO AGENTE,29/06/21,30/06/21,0,24/04/25,93000.0,2923.74,415.7,855.95,0.0,324.05,,,234.79,0.0,5.2,0.0,0.0,0.0,0.0,0.0,0.03,0.0,0.0,0.0,0.0,5.22,0.0,,0.0,0.0,0.0,0.0,0.0,0.0,0.0,0.0,0.0,0.0,,0.0,0.0,,0.0,0.0,0.0,0.0,0.0,0.0,0.0,0.0,0.0,0.0,0.0,,2.99
185558682/706437275/362515791,Guris M,Credenciado,PJ,Alimentação,POLOS,POLO PROPRIO,SUL,DISTRITO GAUCHO,POLO CANOAS,Centro,gabrielle.rodrigues@stone.com.br,POLO PROPRIO,ATENDIMENTO AGENTE,04/03/23,24/03/23,3,19/04/25,10000.0,1153.3,774.8,767.1,0.0,257.02,,,125.09,0.0,0.0,0.0,0.0,7.32,0.0,0.0,0.97,0.0,0.0,0.0,0.0,8.29,0.0,0.0,0.0,0.0,,0.0,0.0,,0.0,0.0,0.0,0.0,,0.0,0.0,0.0,0.0,,0.0,0.0,0.0,,0.0,0.0,0.0,0.0,,,
103809059/207141941,REDE MAXXI,Credenciado,PJ,Supermercado/Farmácia,POLOS,POLO PROPRIO,SUL,DISTRITO GAUCHO,POLO CANOAS,Igara,diuliano.otero@stone.com.br,POLO PROPRIO,ATENDIMENTO AGENTE,28/08/24,28/08/24,0,24/04/25,50000.0,10152.86,13146.94,5890.43,0.0,460.94,,,237.02,0.0,0.0,0.0,0.0,0.0,0.0,0.0,6.2,0.0,0.0,0.0,0.0,6.2,0.0,0.0,0.0,0.0,0.0,0.0,0.0,,0.0,0.0,0.0,0.0,,0.0,0.0,0.0,0.0,0.0,0.0,,0.0,0.0,0.0,0.0,0.0,0.0,0.0,,5.85
768192227/808812695,CENTRO ESTETICO DEPIDEPIL,Credenciado,PJ,Serviços,POLOS,POLO PROPRIO,SUL,DISTRITO GAUCHO,POLO CANOAS,Park Shopping,valeska.oliveira@stone.com.br,POLO PROPRIO,ATENDIMENTO AGENTE,03/10/24,04/10/24,0,10/04/25,30000.0,15418.34,18384.65,5969.93,0.0,840.31,,,345.43,0.0,0.0,0.0,0.0,0.0,0.0,0.0,0.0,0.0,0.0,0.0,0.0,0.0,0.0,0.0,0.0,0.0,0.0,0.0,0.0,0.0,0.0,0.0,0.0,0.0,0.0,0.0,0.0,0.0,0.0,0.0,0.0,0.0,0.0,0.0,0.0,0.0,0.0,0.0,0.0,0.0,0.0
107498018/272695444,Mercado nena,Credenciado,MEI,Alimentação,POLOS,POLO PROPRIO,SUL,DISTRITO GAUCHO,POLO CANOAS,Fatima,gabrielle.rodrigues@stone.com.br,POLO PROPRIO,ATENDIMENTO AGENTE,16/12/24,19/12/24,0,20/04/25,30000.0,19254.52,37615.32,12463.18,0.0,225.32,,,99.6,0.0,0.0,0.0,0.0,0.0,0.0,0.0,0.0,0.0,0.0,0.0,0.0,0.0,0.0,0.0,0.0,0.0,0.0,0.0,0.0,0.0,0.0,0.0,0.0,0.0,0.0,0.0,0.0,0.0,0.0,0.0,0.0,0.0,0.0,0.0,0.0,0.0,0.0,0.0,0.0,0.0,0.0
281601685/174350749/110923463,Valerie bistro lounge,Credenciado,PJ,Alimentação,POLOS,POLO PROPRIO,SUL,DISTRITO GAUCHO,POLO CANOAS,Fatima,hanna.vieira@stone.com.br,POLO PROPRIO,ATENDIMENTO AGENTE,28/02/25,06/03/25,1,11/04/25,30000.0,0.0,394.1,1705.0,0.0,220.4,,,96.94,0.0,0.0,0.0,0.0,0.0,0.0,0.0,0.0,0.0,0.0,0.0,0.0,0.0,0.0,0.0,0.0,0.0,0.0,0.0,0.0,0.0,0.0,0.0,0.0,0.0,0.0,0.0,0.0,0.0,,,0.0,,0.0,0.0,0.0,0.0,0.0,0.0,,,
118376938/565233640,Joy Informatica,Credenciado,PJ,Bens duráveis,POLOS,POLO PROPRIO,SUL,DISTRITO GAUCHO,POLO CANOAS,Marechal Rondon,patricia.lima@stone.com.br,POLO PROPRIO,ATENDIMENTO AGENTE,07/02/24,09/02/24,3,24/04/25,34000.0,5035.47,10185.9,4557.3,0.0,544.3,,,315.35,0.0,0.0,0.0,0.0,0.0,0.0,0.0,4.72,0.0,0.0,0.0,0.0,4.72,0.0,0.0,0.0,0.0,0.0,0.0,0.0,,0.0,0.0,0.0,0.0,,0.0,0.0,0.0,0.0,,0.0,0.0,0.0,0.0,0.0,0.0,0.0,0.0,,,
984033936/205854731/516016783,Vg ESQUADRIAS,Cancelado,PJ,Varejo,POLOS,POLO PROPRIO,SUL,DISTRITO GAUCHO,POLO CANOAS,Park Shopping,mnunes@stone.com.br,POLO PROPRIO,ATENDIMENTO AGENTE,28/04/22,02/05/22,0,28/04/25,114000.0,101784.44,126894.4,180850.96,0.0,17905.9,,,8581.02,0.0,0.0,0.0,0.0,0.0,0.0,0.0,0.03,0.0,0.0,0.0,0.0,0.03,0.0,0.0,0.0,0.0,0.0,0.0,0.0,0.0,0.0,0.0,0.0,0.0,0.0,0.0,0.0,0.0,0.0,0.0,0.0,0.0,0.0,0.0,0.0,0.0,0.0,0.0,0.0,0.0,0.03
145465869/553534043,Divine estetica,Credenciado,PF,Serviços,POLOS,POLO PROPRIO,SUL,DISTRITO GAUCHO,POLO CANOAS,Fatima,milena.fabrin@stone.com.br,INBOUND,ATENDIMENTO AGENTE,11/01/24,22/01/24,1,28/04/25,20000.0,27300.0,4000.0,12000.0,0.0,1998.79,,,940.97,0.0,0.0,0.0,0.0,0.0,0.0,0.0,0.0,0.0,0.0,0.0,0.0,0.0,0.0,0.0,0.0,0.0,0.0,0.0,0.0,0.0,0.0,0.0,0.0,0.0,0.0,0.0,0.0,0.0,0.0,0.0,0.0,0.0,0.0,0.0,0.0,0.0,0.0,0.0,,,
207813573/791250234,MERCADO SACOLAO COLONIAL II,Credenciado,PJ,Supermercado/Farmácia,POLOS,POLO PROPRIO,SUL,DISTRITO GAUCHO,POLO CANOAS,Nova Santa Rita,douglas.rdasilva@stone.com.br,POLO PROPRIO,ATENDIMENTO AGENTE,18/07/24,19/07/24,0,11/04/25,50000.0,103605.47,10052.73,337.21,0.0,242.99,,,114.86,0.0,0.0,0.0,0.0,0.0,0.0,0.0,0.01,0.0,0.0,0.0,0.0,0.01,0.0,0.0,0.0,0.0,0.0,0.0,0.0,0.0,0.0,0.0,0.0,0.0,0.0,0.0,0.0,0.0,0.0,0.0,0.0,0.0,0.0,0.0,0.0,0.0,0.0,0.0,0.0,0.0,0.01
102600856,Rojo Parfum,Cancelado,PF,Supermercado/Farmácia,POLOS,POLO PROPRIO,SUL,DISTRITO GAUCHO,POLO CANOAS,harmonia,daniel.feldmann@stone.com.br,POLO PROPRIO,ATENDIMENTO AGENTE,17/12/24,24/12/24,0,19/04/25,15000.0,2215.09,4950.19,377.6,0.0,138.95,,,62.07,0.0,0.0,0.0,0.0,0.0,0.0,0.0,1.73,0.0,0.0,0.0,0.0,1.73,0.0,0.0,0.0,0.0,0.0,0.0,0.0,,0.0,0.0,0.0,0.0,,0.0,0.0,0.0,0.0,,0.0,0.0,0.0,0.0,0.0,0.0,0.0,0.0,0.0,,1.49
705642022/194455455,ROUPA NOVA,Credenciado,PJ,Varejo,POLOS,POLO PROPRIO,SUL,DISTRITO GAUCHO,POLO CANOAS,Centro,roxanne.barbosa@stone.com.br,POLO PROPRIO,ATENDIMENTO AGENTE,14/04/25,15/04/25,0,15/04/25,30000.0,0.0,0.0,1045.0,0.0,43.26,,,,0.0,0.0,0.0,0.0,0.0,0.0,0.0,0.01,0.0,0.0,0.0,0.0,0.01,0.0,0.0,0.0,0.0,0.0,0.0,0.0,0.0,0.0,0.0,0.0,0.0,0.0,0.0,0.0,0.0,0.0,0.0,0.0,0.0,0.0,0.0,0.0,0.0,0.0,0.0,0.0,0.0,0.01
569592461/187824229/177522947,Boutique Acessorios,Credenciado,PJ,Varejo,POLOS,POLO PROPRIO,SUL,DISTRITO GAUCHO,POLO CANOAS,Ritter,igor.rmachado@stone.com.br,POLO PROPRIO,ATENDIMENTO AGENTE,07/12/23,07/12/23,0,15/04/25,15000.0,11904.62,11492.65,3332.4,0.0,140.33,,,18.28,0.0,0.0,0.0,0.0,0.0,0.47,0.0,0.39,0.0,0.0,0.0,0.0,0.87,0.0,0.0,0.0,0.0,0.0,,0.0,,0.0,0.0,0.0,0.0,,0.0,0.0,0.0,0.0,,,0.0,0.0,,0.0,0.0,0.0,0.0,0.0,,0.45
135266116/221705925/915124299,Filhos de Patas,Credenciado,MEI,Varejo,POLOS,POLO PROPRIO,SUL,DISTRITO GAUCHO,POLO CANOAS,Ritter,carlos.dorneles@stone.com.br,POLO PROPRIO,ATENDIMENTO AGENTE,29/02/24,01/03/24,0,07/04/25,50000.0,11089.4,2169.8,455.8,0.0,345.29,,,187.12,0.0,26.46,0.0,0.0,0.0,0.0,0.0,1.12,0.0,0.0,0.0,0.0,27.58,0.0,,0.0,0.0,0.0,0.0,0.0,,0.0,0.0,0.0,0.0,,0.0,0.0,,0.0,,0.0,0.0,0.0,,0.0,0.0,0.0,0.0,0.0,,13.91
103731219/156976372,Gas Central Park,Cancelado,PF,Serviços,POLOS,POLO PROPRIO,SUL,DISTRITO GAUCHO,POLO CANOAS,harmonia,isabel.lara@stone.com.br,POLO PROPRIO,ATENDIMENTO AGENTE,28/11/24,28/11/24,1,23/04/25,30000.0,17761.71,13220.88,10349.95,0.0,307.69,,,139.86,0.0,0.0,0.0,0.0,0.0,0.0,0.0,0.0,0.0,0.0,0.0,0.0,0.0,0.0,0.0,0.0,0.0,0.0,0.0,0.0,0.0,0.0,0.0,0.0,0.0,0.0,0.0,0.0,0.0,0.0,0.0,0.0,0.0,0.0,0.0,0.0,0.0,0.0,0.0,,,
175237165/748155741,Atc distribuidora de cilios,Credenciado,PJ,Supermercado/Farmácia,POLOS,POLO PROPRIO,SUL,DISTRITO GAUCHO,POLO CANOAS,Ritter,tiago.padilha@stone.com.br,INBOUND,ATENDIMENTO AGENTE,29/04/22,03/05/22,1,24/04/25,14000.0,10700.6,10544.72,8556.64,0.0,544.22,,,267.28,0.0,0.0,0.0,0.0,0.0,0.0,0.0,3.77,0.0,0.0,0.0,0.0,3.77,0.0,0.0,0.0,0.0,0.0,0.0,0.0,,0.0,0.0,0.0,0.0,,0.0,0.0,0.0,0.0,,0.0,0.0,0.0,,0.0,0.0,0.0,0.0,,,
196603453,Mercado da familia 2,Cancelado,MEI,Supermercado/Farmácia,POLOS,POLO PROPRIO,SUL,DISTRITO GAUCHO,POLO CANOAS,Ritter,gabrielle.cardozo@stone.com.br,POLO PROPRIO,ATENDIMENTO AGENTE,24/02/25,26/02/25,1,24/04/25,15000.0,1145.07,4486.24,131.7,0.0,124.49,,,33.62,0.0,0.0,109.0,0.0,0.15,0.0,0.0,0.01,0.0,0.0,0.0,0.0,109.16,0.0,0.0,,0.0,,0.0,0.0,0.0,0.0,0.0,0.0,0.0,,0.0,0.0,0.0,,,0.0,0.0,0.0,0.0,0.0,0.0,0.0,0.0,,,84.09
661937374/114308122,Clinica Maria De Fatima,Credenciado,PF,Varejo,POLOS,POLO PROPRIO,SUL,DISTRITO GAUCHO,POLO CANOAS,Marechal Rondon,patricia.lima@stone.com.br,POLO PROPRIO,ATENDIMENTO AGENTE,30/08/23,30/08/23,0,03/04/25,25000.0,29990.0,30000.0,7580.0,0.0,428.46,,,145.35,0.0,0.0,0.0,0.0,0.0,0.0,0.0,0.0,0.0,0.0,0.0,0.0,0.0,0.0,0.0,0.0,0.0,0.0,0.0,0.0,0.0,0.0,0.0,0.0,0.0,0.0,0.0,0.0,0.0,0.0,0.0,0.0,0.0,0.0,0.0,0.0,0.0,0.0,0.0,0.0,0.0,0.0
153797311/526654048,Espaco da Moto,Credenciado,MEI,Bens duráveis,POLOS,POLO PROPRIO,SUL,DISTRITO GAUCHO,POLO CANOAS,Fatima,guilherme.ffreitas@stone.com.br,POLO PROPRIO,ATENDIMENTO AGENTE,27/09/24,27/09/24,0,09/04/25,30000.0,20322.99,21003.2,4459.0,0.0,257.98,,,70.76,0.0,0.0,0.0,0.0,0.0,0.0,0.0,0.0,0.0,0.0,0.0,0.0,0.0,0.0,0.0,0.0,0.0,0.0,0.0,0.0,0.0,0.0,0.0,0.0,0.0,0.0,0.0,0.0,0.0,0.0,0.0,0.0,0.0,0.0,0.0,0.0,0.0,0.0,0.0,0.0,0.0,0.0
106680048,LD TROCA DE OLEO E CONVENIENCIA,Credenciado,PJ,Posto,POLOS,POLO PROPRIO,SUL,DISTRITO GAUCHO,POLO CANOAS,harmonia,isabel.lara@stone.com.br,POLO PROPRIO,ATENDIMENTO AGENTE,26/03/25,01/04/25,3,30/04/25,50000.0,0.0,0.0,28806.16,0.0,800.82,,,30.34,0.0,0.0,0.0,0.0,0.03,0.0,0.0,0.01,0.0,0.0,0.0,0.0,0.04,0.0,0.0,0.0,0.0,0.0,0.0,0.0,0.0,0.0,0.0,0.0,0.0,0.0,0.0,0.0,0.0,0.0,,0.0,,0.0,0.0,0.0,0.0,0.0,0.0,,,
662793146/159852697,FERRAGEM PRIMAVERA,Credenciado,PJ,Bens duráveis,POLOS,POLO PROPRIO,SUL,DISTRITO GAUCHO,POLO CANOAS,Fatima,gabrielle.rodrigues@stone.com.br,POLO PROPRIO,ATENDIMENTO AGENTE,11/12/24,12/12/24,1,30/04/25,15000.0,16179.18,7063.85,1281.01,0.0,163.51,,,52.53,0.0,0.0,0.0,0.0,0.0,21.0,0.0,2.39,0.0,0.0,0.0,0.0,23.39,0.0,0.0,0.0,0.0,0.0,,0.0,,0.0,0.0,0.0,0.0,,0.0,0.0,0.0,0.0,,,0.0,0.0,0.0,0.0,0.0,0.0,0.0,,,
100911923/192673608,Marya Roupas,Credenciado,MEI,Varejo,POLOS,POLO PROPRIO,SUL,DISTRITO GAUCHO,POLO CANOAS,Marechal Rondon,,POLO TERCEIRO,ATENDIMENTO ESPECIALISTA,23/11/17,02/12/17,0,14/04/25,130000.0,917.0,16666.0,5572.0,0.0,891.56,,,379.67,0.0,0.0,0.0,0.0,0.0,0.0,0.0,0.0,0.0,0.0,0.0,0.0,0.0,0.0,0.0,0.0,0.0,0.0,0.0,0.0,0.0,0.0,0.0,0.0,0.0,0.0,0.0,0.0,0.0,0.0,0.0,0.0,0.0,0.0,0.0,0.0,0.0,0.0,0.0,0.0,0.0,0.0
538719732/198925547,Agropecuaria Doujoto,Credenciado,PJ,Varejo,POLOS,POLO PROPRIO,SUL,DISTRITO GAUCHO,POLO CANOAS,Ritter,rafael.molina@stone.com.br,POLO PROPRIO,ATENDIMENTO AGENTE,01/09/20,02/09/20,2,28/04/25,55000.0,15011.71,12991.43,12766.1,0.0,423.83,,,153.9,0.0,0.0,0.0,0.0,0.0,0.0,0.0,0.0,0.0,0.0,0.0,0.0,0.0,0.0,0.0,0.0,0.0,0.0,0.0,0.0,0.0,0.0,0.0,0.0,0.0,0.0,0.0,0.0,0.0,0.0,0.0,0.0,0.0,0.0,0.0,0.0,0.0,0.0,0.0,,,
191454500/144445812,New Modas,Credenciado,PF,Varejo,POLOS,POLO PROPRIO,SUL,DISTRITO GAUCHO,POLO CANOAS,harmonia,isadora.torres@stone.com.br,POLO PROPRIO,ATENDIMENTO AGENTE,15/10/24,17/10/24,0,15/04/25,30000.0,5594.5,5863.5,21797.5,0.0,473.86,,,199.05,0.0,0.0,0.0,0.0,0.0,0.0,0.0,0.05,0.0,0.0,0.0,0.0,0.05,0.0,0.0,0.0,0.0,0.0,0.0,0.0,0.0,0.0,0.0,0.0,0.0,0.0,0.0,0.0,0.0,,,0.0,0.0,0.0,0.0,0.0,0.0,0.0,0.0,0.0,,
149678894,Douglas,Cancelado,PJ,Varejo,POLOS,POLO PROPRIO,SUL,DISTRITO GAUCHO,POLO CANOAS,Ritter,diogo.berriel@stone.com.br,INBOUND,ATENDIMENTO AGENTE,23/01/25,24/01/25,0,18/04/25,30000.0,31625.96,25747.07,17490.2,0.0,478.72,,,207.79,0.0,0.0,0.0,0.0,0.0,0.0,0.0,0.5,0.0,0.0,0.0,0.0,0.5,0.0,0.0,0.0,0.0,0.0,0.0,0.0,,0.0,0.0,0.0,0.0,,0.0,0.0,0.0,,,0.0,0.0,0.0,0.0,0.0,0.0,0.0,0.0,0.0,,0.1
153480454/801049419,Emporio,Credenciado,PJ,Alimentação,POLOS,POLO PROPRIO,SUL,DISTRITO GAUCHO,POLO CANOAS,Nova Santa Rita,roxanne.barbosa@stone.com.br,POLO PROPRIO,ATENDIMENTO AGENTE,30/08/24,30/08/24,2,27/04/25,30000.0,475.0,864.0,166.0,0.0,161.37,,,56.92,0.0,0.0,0.0,0.0,0.0,0.0,0.0,0.01,0.0,0.0,0.0,0.0,0.01,0.0,0.0,0.0,0.0,0.0,0.0,0.0,0.0,0.0,0.0,0.0,0.0,0.0,0.0,0.0,0.0,0.0,,0.0,0.0,0.0,0.0,0.0,0.0,0.0,0.0,,,
747853289/182398822,Canoas colchoes   ,Credenciado,MEI,Bens duráveis,POLOS,POLO PROPRIO,SUL,DISTRITO GAUCHO,POLO CANOAS,Fatima,luana.moncores@stone.com.br,POLO PROPRIO,ATENDIMENTO AGENTE,14/03/23,17/03/23,1,21/04/25,30000.0,0.0,0.0,826.01,0.0,37.56,,,,0.0,0.0,0.0,0.0,0.0,0.0,0.0,0.01,0.0,0.0,0.0,0.0,0.01,0.0,0.0,0.0,0.0,0.0,0.0,0.0,0.0,0.0,0.0,0.0,0.0,0.0,0.0,0.0,0.0,0.0,0.0,0.0,0.0,0.0,0.0,0.0,0.0,0.0,0.0,,,
638549574/122248116/501937633,CASABEM ALVORADA,Credenciado,PJ,Bens duráveis,POLOS,POLO PROPRIO,SUL,DISTRITO GAUCHO,POLO CANOAS,Ritter,juliana.esteves@stone.com.br,INBOUND,ATENDIMENTO AGENTE,12/03/25,29/03/25,1,16/04/25,30000.0,0.0,2980.0,25897.8,0.0,3285.82,,,1036.14,0.0,0.0,0.0,0.0,0.0,0.0,0.0,0.0,0.0,0.0,0.0,0.0,0.0,0.0,0.0,0.0,0.0,0.0,0.0,0.0,0.0,0.0,0.0,0.0,0.0,0.0,0.0,0.0,0.0,0.0,0.0,0.0,0.0,0.0,0.0,0.0,0.0,0.0,0.0,,,
150174525/234066313,Clinica Unidas,Cancelado,PJ,Serviços,POLOS,POLO PROPRIO,SUL,DISTRITO GAUCHO,POLO CANOAS,Fatima,patricia.lima@stone.com.br,POLO PROPRIO,ATENDIMENTO AGENTE,12/09/23,13/09/23,0,08/04/25,20000.0,8875.0,18420.0,9330.0,0.0,862.0,,,433.55,0.0,0.0,0.0,0.0,0.0,0.0,0.0,0.31,0.0,0.0,0.0,0.0,0.31,0.0,0.0,0.0,0.0,0.0,0.0,0.0,,0.0,0.0,0.0,0.0,,0.0,0.0,0.0,0.0,,0.0,0.0,0.0,0.0,0.0,0.0,0.0,0.0,0.0,,0.19
781794439/471959071,Filhas de Patas 3,Credenciado,PF,Varejo,POLOS,POLO PROPRIO,SUL,DISTRITO GAUCHO,POLO CANOAS,Ritter,carlos.dorneles@stone.com.br,POLO PROPRIO,ATENDIMENTO AGENTE,25/06/24,27/06/24,0,07/04/25,35000.0,16559.25,13481.7,4214.9,0.0,451.67,,,211.91,0.0,1.06,0.0,0.0,0.0,0.0,0.0,0.0,0.0,0.0,0.0,0.0,1.06,0.0,,0.0,0.0,0.0,0.0,0.0,0.0,0.0,0.0,0.0,0.0,,0.0,0.0,,0.0,0.0,0.0,0.0,0.0,0.0,0.0,0.0,0.0,0.0,0.0,,0.5
622447273/694621996,TOIGO TINTAS 2,Credenciado,PJ,Bens duráveis,POLOS,POLO PROPRIO,SUL,DISTRITO GAUCHO,POLO CANOAS,Nova Santa Rita,valeska.oliveira@stone.com.br,POLO PROPRIO,ATENDIMENTO AGENTE,15/06/23,15/06/23,0,30/04/25,30000.0,1777.9,1351.5,6080.0,0.0,218.8,,,89.61,0.0,24.73,0.0,0.0,0.0,0.0,0.0,3.18,0.0,0.0,0.0,0.0,27.92,0.0,,0.0,0.0,0.0,0.0,0.0,,0.0,0.0,0.0,0.0,,0.0,0.0,,,,0.0,0.0,0.0,,0.0,0.0,0.0,0.0,0.0,,7.03
207300088/125520422,MERCADO 2 GURIS,Credenciado,PJ,Supermercado/Farmácia,POLOS,POLO PROPRIO,SUL,DISTRITO GAUCHO,POLO CANOAS,harmonia,isabel.lara@stone.com.br,POLO PROPRIO,ATENDIMENTO AGENTE,20/08/24,20/08/24,1,30/04/25,30000.0,10126.44,5741.43,1137.21,0.0,99.08,,,11.5,0.0,0.0,0.0,0.0,0.0,0.0,0.0,4.08,0.0,0.0,0.0,0.0,4.08,0.0,0.0,0.0,0.0,0.0,0.0,0.0,,0.0,0.0,0.0,0.0,,0.0,0.0,0.0,0.0,0.0,0.0,0.0,0.0,,0.0,0.0,0.0,0.0,,,
148395796/386085580,BM BEER DISTRIBUIDORA,Credenciado,PJ,Alimentação,POLOS,POLO PROPRIO,SUL,DISTRITO GAUCHO,POLO CANOAS,harmonia,vinicius.buhle@stone.com.br,POLO PROPRIO,ATENDIMENTO AGENTE,05/10/23,06/10/23,1,08/04/25,7000.0,388.9,209.7,269.7,0.0,18.41,,,,0.0,0.0,0.0,0.0,0.0,0.0,0.0,0.0,0.0,0.0,0.0,0.0,0.0,0.0,0.0,0.0,0.0,0.0,0.0,0.0,0.0,0.0,0.0,0.0,0.0,0.0,0.0,0.0,0.0,0.0,0.0,0.0,0.0,0.0,0.0,0.0,0.0,0.0,0.0,,,
179490373/107395200/108180044,GUIDO CAFE & CO.,Credenciado,PJ,Alimentação,POLOS,POLO PROPRIO,SUL,DISTRITO GAUCHO,POLO CANOAS,Park Shopping,carlos.dorneles@stone.com.br,POLO PROPRIO,ATENDIMENTO AGENTE,31/10/24,31/10/24,0,03/04/25,30000.0,7683.28,2242.45,1367.6,0.0,185.94,,,91.81,0.0,0.0,0.0,9.04,0.0,0.0,0.0,49.8,0.0,0.0,0.0,0.0,58.84,0.0,0.0,0.0,,0.0,0.0,0.0,,0.0,0.0,0.0,0.0,,0.0,0.0,0.0,,0.0,0.0,0.0,0.0,0.0,0.0,0.0,0.0,0.0,0.0,,54.71
181031533/159871801,Casa Della Pizza,Credenciado,PF,Alimentação,POLOS,POLO PROPRIO,SUL,DISTRITO GAUCHO,POLO CANOAS,Ritter,valeska.oliveira@stone.com.br,POLO PROPRIO,ATENDIMENTO AGENTE,29/10/24,31/10/24,0,16/04/25,15000.0,3349.9,511.0,1981.5,0.0,115.12,,,18.85,0.0,0.0,0.0,0.0,0.0,0.0,0.0,0.0,0.0,0.0,0.0,0.0,0.0,0.0,0.0,0.0,0.0,0.0,0.0,0.0,0.0,0.0,0.0,0.0,0.0,0.0,0.0,0.0,0.0,0.0,0.0,0.0,0.0,0.0,0.0,0.0,0.0,0.0,0.0,0.0,0.0,0.0
671788728/135910646/144215677/206198282,ALEMAO AUTO CENTER,Credenciado,PJ,Bens duráveis,POLOS,POLO PROPRIO,SUL,DISTRITO GAUCHO,POLO CANOAS,Fatima,guilherme.ffreitas@stone.com.br,POLO PROPRIO,ATENDIMENTO AGENTE,07/10/24,08/10/24,0,04/04/25,30000.0,37642.46,28066.65,8981.16,0.0,604.95,,,289.87,0.0,408.78,0.0,0.0,0.0,0.18,0.0,1.75,0.0,0.0,0.0,0.0,410.71,0.0,,0.0,0.0,0.0,,0.0,,0.0,0.0,0.0,0.0,,0.0,0.0,,0.0,,,0.0,0.0,,0.0,0.0,0.0,0.0,0.0,,192.05
345433065/184173357,Casa do Costelao,Credenciado,PF,Alimentação,POLOS,POLO PROPRIO,SUL,DISTRITO GAUCHO,POLO CANOAS,Igara,yago.barbosa@stone.com.br,POLO PROPRIO,ATENDIMENTO AGENTE,07/02/25,07/02/25,1,20/04/25,15000.0,354.0,190.0,248.0,0.0,115.1,,,29.02,0.0,0.0,0.0,0.0,0.0,0.0,0.0,0.07,0.0,0.0,0.0,0.0,0.07,0.0,0.0,0.0,0.0,0.0,0.0,0.0,0.0,0.0,0.0,0.0,0.0,0.0,0.0,0.0,0.0,,,0.0,0.0,0.0,0.0,0.0,0.0,0.0,0.0,,,
209821092/706451232,LAVO CANOAS,Credenciado,PJ,Serviços,POLOS,POLO PROPRIO,SUL,DISTRITO GAUCHO,POLO CANOAS,Marechal Rondon,tamara.mello@stone.com.br,ESPECIALISTA,ATENDIMENTO ESPECIALISTA,11/04/24,02/05/24,0,21/04/25,15000.0,5114.5,5323.55,3484.3,0.0,92.48,,,7.24,0.0,0.0,0.0,0.0,0.0,0.0,0.0,0.0,0.0,0.0,0.0,0.0,0.0,0.0,0.0,0.0,0.0,0.0,0.0,0.0,0.0,0.0,0.0,0.0,0.0,0.0,0.0,0.0,0.0,0.0,0.0,0.0,0.0,0.0,0.0,0.0,0.0,0.0,0.0,0.0,0.0,0.0
145497981/915369971,SOFI BELEZA COWORKING,Credenciado,PJ,Serviços,POLOS,POLO PROPRIO,SUL,DISTRITO GAUCHO,POLO CANOAS,Marechal Rondon,jerson.junior@stone.com.br,POLO PROPRIO,ATENDIMENTO AGENTE,13/11/24,19/11/24,0,07/04/25,30000.0,5526.44,3814.03,1327.44,0.0,107.84,,,26.79,0.0,6.01,0.0,0.0,0.0,0.0,0.0,0.41,0.0,0.0,0.0,0.0,6.42,0.0,,0.0,0.0,0.0,0.0,0.0,,0.0,0.0,0.0,0.0,,0.0,0.0,,0.0,,0.0,0.0,0.0,0.0,0.0,0.0,0.0,0.0,0.0,,2.32
153357594/171390434,Cleric Club,Credenciado,PJ,Varejo,POLOS,POLO PROPRIO,SUL,DISTRITO GAUCHO,POLO CANOAS,Igara,yago.barbosa@stone.com.br,POLO PROPRIO,ATENDIMENTO AGENTE,07/03/25,12/03/25,0,05/04/25,15000.0,0.0,4517.36,1769.5,0.0,38.28,,,,0.0,0.0,0.0,0.0,0.0,0.0,0.0,0.0,0.0,0.0,0.0,0.0,0.0,0.0,0.0,0.0,0.0,0.0,0.0,0.0,0.0,0.0,0.0,0.0,0.0,0.0,0.0,0.0,0.0,0.0,0.0,0.0,0.0,0.0,0.0,0.0,0.0,0.0,0.0,0.0,0.0,0.0
159429363/852391014,Vip Som,Credenciado,PJ,Bens duráveis,POLOS,POLO PROPRIO,SUL,DISTRITO GAUCHO,POLO CANOAS,Nova Santa Rita,daniel.feldmann@stone.com.br,POLO PROPRIO,ATENDIMENTO AGENTE,04/12/24,09/12/24,0,10/04/25,30000.0,28792.34,19812.9,2887.8,0.0,195.49,,,56.78,0.0,0.0,0.0,0.0,0.0,0.0,0.0,0.0,0.0,0.0,0.0,0.0,0.0,0.0,0.0,0.0,0.0,0.0,0.0,0.0,0.0,0.0,0.0,0.0,0.0,0.0,0.0,0.0,0.0,0.0,0.0,0.0,0.0,0.0,0.0,0.0,0.0,0.0,0.0,0.0,0.0,0.0
176940332/353077745,F. F. DE FREITAS LTDA,Credenciado,PJ,Serviços,POLOS,POLO PROPRIO,SUL,DISTRITO GAUCHO,POLO CANOAS,Nova Santa Rita,pedro.isnard@stone.com.br,INBOUND,ATENDIMENTO AGENTE,22/04/25,24/04/25,1,24/04/25,15000.0,0.0,0.0,5018.7,0.0,613.11,,,127.46,0.0,0.0,0.0,0.0,0.0,1.99,0.0,0.08,0.0,0.0,0.0,0.0,2.07,0.0,0.0,0.0,0.0,0.0,,0.0,0.0,0.0,0.0,0.0,0.0,,0.0,0.0,0.0,0.0,,,0.0,0.0,0.0,0.0,0.0,0.0,0.0,,,
118852233/808372969,BEX GROUP,Credenciado,PJ,Serviços,POLOS,POLO PROPRIO,SUL,DISTRITO GAUCHO,POLO CANOAS,Marechal Rondon,jerson.junior@stone.com.br,POLO PROPRIO,ATENDIMENTO AGENTE,12/02/25,14/04/25,1,14/04/25,15000.0,0.01,0.0,3997.0,0.0,538.21,,,173.0,0.0,0.0,0.0,0.0,0.0,0.0,0.0,10.79,0.0,0.0,0.0,0.0,10.79,0.0,0.0,0.0,0.0,0.0,0.0,0.0,,0.0,0.0,0.0,0.0,,0.0,0.0,0.0,0.0,0.0,0.0,0.0,0.0,0.0,0.0,0.0,0.0,0.0,,,
741329514/710638247,Magazzino Tintas,Credenciado,PF,Varejo,POLOS,POLO PROPRIO,SUL,DISTRITO GAUCHO,POLO CANOAS,Marechal Rondon,patricia.lima@stone.com.br,POLO PROPRIO,ATENDIMENTO AGENTE,11/10/23,11/10/23,0,15/04/25,10000.0,12609.34,1846.62,353.78,0.0,93.19,,,7.44,0.0,0.0,0.0,0.0,0.0,0.0,0.0,0.0,0.0,0.0,0.0,0.0,0.0,0.0,0.0,0.0,0.0,0.0,0.0,0.0,0.0,0.0,0.0,0.0,0.0,0.0,0.0,0.0,0.0,0.0,0.0,0.0,0.0,0.0,0.0,0.0,0.0,0.0,0.0,0.0,0.0,0.0
737267873/398730381,Mako's Auto Center,Credenciado,PJ,Bens duráveis,POLOS,POLO PROPRIO,SUL,DISTRITO GAUCHO,POLO CANOAS,Marechal Rondon,patricia.lima@stone.com.br,POLO PROPRIO,ATENDIMENTO AGENTE,25/09/23,28/09/23,0,02/04/25,22000.0,74674.23,46815.5,1292.0,0.0,199.41,,,107.38,0.0,0.0,0.0,0.0,0.0,0.0,0.0,0.0,0.0,0.0,0.0,0.0,0.0,0.0,0.0,0.0,0.0,0.0,0.0,0.0,0.0,0.0,0.0,0.0,0.0,0.0,0.0,0.0,0.0,0.0,0.0,0.0,0.0,0.0,,0.0,0.0,0.0,0.0,0.0,,
214445915/163688165,Agrocenter JC,Credenciado,PF,Varejo,POLOS,POLO PROPRIO,SUL,DISTRITO GAUCHO,POLO CANOAS,Nova Santa Rita,diuliano.otero@stone.com.br,POLO PROPRIO,ATENDIMENTO AGENTE,31/10/24,31/10/24,0,10/04/25,30000.0,27739.12,37067.59,1111.5,0.0,103.48,,,11.2,0.0,0.0,0.0,0.0,0.0,0.0,0.0,2.64,0.0,0.0,0.0,0.0,2.64,0.0,0.0,0.0,0.0,0.0,0.0,0.0,,0.0,0.0,0.0,0.0,,0.0,0.0,0.0,0.0,0.0,0.0,0.0,0.0,0.0,0.0,0.0,0.0,0.0,0.0,0.0,2.52
